Pilot_ID,First_Name,Last_Name,Experience
4393,Aaron,Lawrence,18
9270,Danielle,Hansen,17
4734,Johnathan,Rice,11
3749,Amanda,Gilbert,4
3237,Dennis,Alvarado,4
4387,Donna,Gordon,3
1408,James,Mitchell,4
8199,Blake,Crawford,8
7809,Joann,Haynes,2
3795,Mary,Murray,27
5560,Laurie,Lewis,14
7383,Barbara,Cole,16
8879,James,Monroe,14
1987,Bruce,Bennett,17
5862,Lisa,Duncan,12
5325,Jean,Farmer,22
8294,Ashley,Coleman,7
1304,Sandra,Chan,26
2316,Brandon,Crawford,12
1291,Tyler,Garcia,15
8498,Kevin,Henderson,21
4916,Jennifer,Blair,22
8058,Ricky,Grant,24
7436,Luis,Price,15
1359,Mary,Davis,5
5190,Brian,Grant,16
5237,Nathaniel,Hill,12
6165,Veronica,Davis,11
9683,Blake,Tyler,11
3327,Kyle,Scott,21
5092,Arthur,Gonzalez,7
7972,Christopher,Gordon,15
6840,John,Farrell,1
4071,John,Hicks,27
5369,Amy,Larson,2
5340,Michael,Saunders,15
7544,Nicole,Mcdaniel,6
1919,Kathleen,Hess,12
4968,Zoe,Petersen,13
7749,Daniel,Baird,22
2413,Michael,Neal,12
4565,Ashley,Jackson,27
1950,Susan,Johnson,27
5886,Jessica,Dixon,21
1956,Nicole,Paul,1
8022,Melissa,Roberts,9
5211,Natalie,Little,14
4548,Christina,Allen,13
4951,Hannah,Kennedy,21
4684,Jessica,Green,9
3589,James,Waller,30
9789,Elizabeth,Taylor,16
6886,Richard,Johnson,23
4507,Cheryl,House,22
9854,Andrea,Robbins,12
7013,Robert,Joseph,26
2282,Valerie,Clark,8
8581,Lindsey,Campbell,10
5393,Jennifer,Rowe,14
6247,Kimberly,Gonzalez,11
1967,Trevor,Harrison,24
1970,Lauren,Holmes,5
6686,Tiffany,Massey,18
7667,Reginald,Alvarado,10
4092,William,Freeman,1
9835,Michael,Miller,22
5892,Hannah,Garcia,25
7718,Vincent,Long,26
3873,Angie,Douglas,4
9849,Daniel,Roy,28
3142,Mary,Jones,30
4225,Jeffrey,Santiago,30
6878,Andrew,Anderson,25
2538,Tammy,Reyes,27
3257,Lisa,Wiley,18
4911,Erica,Alvarado,12
7640,Beth,Ray,17
5304,Gregory,Dixon,24
7936,Michael,Molina,25
1192,Robert,Keith,8
5794,Zachary,Hall,7
9609,Molly,Townsend,14
6023,Shawn,Terry,13
4631,Christy,Brown,2
7857,Stephanie,Hall,23
6109,Danielle,Anderson,7
8267,Andrew,Sims,17
9662,Sydney,White,21
2646,Shawn,Crawford,11
1684,Kevin,Rodriguez,7
6134,Matthew,Walker,3
9896,Monica,Little,20
4923,Brad,Sparks,23
4059,Nathaniel,Orozco,6
4862,Lonnie,Meadows,23
9043,Thomas,Holder,14
5597,Sheri,Garcia,8
5954,Matthew,Merritt,8
6921,Nancy,Lopez,26
5794,Crystal,Barber,20
8971,Jared,Morrow,9
4654,Taylor,Rollins,14
2106,Angela,Smith,5
8385,Colleen,Love,16
3116,Rebecca,Aguilar,17
5031,Kristy,Graves,15
3224,Jill,Lam,15
4828,Tanya,Armstrong,10
6406,Joy,Ortiz,10
1967,Roberta,Wilson,18
9479,Alejandra,Flynn,19
6475,Paul,Allison,3
7373,Scott,Branch,6
8316,John,Scott,8
3922,Tracy,Jones,2
6983,Louis,Deleon,18
6522,Kelly,Crawford,4
2012,Anthony,Moore,19
3921,Vanessa,Kennedy,19
4858,Kim,Jones,3
5520,Alyssa,Hopkins,2
6665,Shannon,Howard,19
9254,Lori,Anderson,26
8780,Travis,Smith,8
5592,Carrie,Henderson,6
2955,Sabrina,Cain,5
9071,Ryan,Friedman,29
2987,Michelle,Dawson,9
5447,Nicholas,Curtis,6
7044,Angela,Shannon,9
8938,Kenneth,Williams,1
9478,Christina,Johnson,4
4857,Alan,Beard,2
5179,Mark,Jones,11
1075,Casey,Larson,17
3681,Angela,Haynes,3
1318,Scott,Jimenez,1
5167,Richard,Davis,21
2685,Thomas,Bailey,4
8818,Mary,Mcfarland,27
9402,Jennifer,Williams,23
7461,Edward,Wong,12
8622,Regina,Robinson,21
3636,Holly,Smith,23
8114,Lance,Rogers,17
8269,Kenneth,Smith,27
7522,Lori,Cook,10
2554,Robert,Schroeder,19
2382,Jessica,Parker,13
6352,Allen,Bauer,3
3960,Paula,Johnson,5
5183,Megan,Acevedo,17
9724,Kathleen,Welch,19
1543,Lori,Gutierrez,29
4798,Pamela,Lewis,17
9397,Lauren,Yang,6
8507,Kristi,Ayers,7
7580,David,Bonilla,4
3936,Angela,Hernandez,21
9986,Matthew,Salinas,4
4815,Cathy,Golden,22
4380,Patricia,Harris,28
7777,David,White,3
1871,Jane,Hutchinson,12
3030,Tracy,Moore,8
2277,Benjamin,Long,24
6255,Tyler,Decker,26
6260,Bradley,Bailey,14
4382,Andre,Robinson,9
8308,Dustin,Walsh,28
1370,Briana,Austin,15
2917,Kristina,Fernandez,15
3455,Connor,Jenkins,22
2610,Joshua,Mcdowell,4
2075,Joseph,Barr,21
1929,Alexander,Atkinson,18
9585,Dwayne,Carlson,24
7269,Danny,Aguirre,25
3995,Lee,Walton,17
9459,Julie,Cruz,7
6038,Monique,Smith,19
6018,Lisa,Sanchez,20
4971,Brittany,Irwin,27
2324,Travis,Boyd,25
2003,Michael,Wilson,13
8446,John,Espinoza,3
3721,Priscilla,Briggs,13
9500,Andrea,Bell,23
7156,Nathaniel,Wilcox,13
4525,Mary,Perez,6
5326,Sarah,Page,30
4737,Roberto,Gray,29
6862,Amy,White,15
1376,Ricky,Hickman,3
6638,Jack,Parker,10
4655,Jennifer,Williams,4
3788,Melissa,Williams,23
4687,Leslie,Vang,1
1577,Keith,Ellis,30
6873,Joel,Nelson,3
5570,Joel,Parrish,27
8454,Erica,Anthony,17
5120,Justin,Peterson,30
8872,Madeline,Carr,27
4613,Margaret,Tran,24
7187,Steven,Taylor,15
9149,Ryan,Vincent,13
5062,Deanna,Pruitt,18
3562,Scott,Mueller,7
3532,Martin,Smith,2
7755,Daniel,Torres,21
3878,John,Melton,13
3203,Kathleen,Mccoy,30
4404,Lori,Mayo,9
1712,Jason,Walls,2
2432,Amber,Moore,15
5828,Chelsea,Stout,11
8066,Craig,Brown,26
1532,Jeff,Flynn,11
2312,Lisa,Kennedy,24
2825,Kim,Yates,20
7934,Cathy,Miller,1
7932,Richard,Perez,19
2006,Patrick,Warner,26
1822,Justin,Green,28
8339,Regina,White,11
2907,Katie,Rogers,30
2408,Audrey,Mcintyre,16
1632,James,Maddox,13
6666,Robert,Thompson,29
8973,Kevin,Howell,8
6017,Nicole,Wong,17
8480,Benjamin,Glover,1
6609,Justin,Osborn,8
6664,Beverly,Cooper,29
4928,Susan,Collins,6
8780,Sarah,Coleman,20
8917,Oscar,Jennings,12
9615,Richard,Haynes,29
8941,James,Lam,3
5955,Tonya,Campbell,5
7099,Jill,Johnson,14
5683,Cole,Carrillo,29
5131,Angela,Brown,13
2959,Jerry,Howell,17
9033,Michael,Carroll,21
9626,Evan,Brown,15
3628,Tina,Miller,5
3481,Cynthia,Wilson,13
7372,Jonathan,Garcia,11
6266,Brian,Murphy,23
6204,Reginald,Oliver,30
7483,Mallory,Harvey,8
8179,Christina,Thompson,11
1294,Adam,Henderson,16
4270,Becky,Chavez,20
4772,Joshua,Fernandez,30
3395,Sharon,Berg,7
1326,James,Smith,1
9311,Anna,Miller,21
8845,Matthew,Burton,24
8150,Megan,Reyes,8
4054,Dennis,Barton,19
2898,Michael,Mccormick,28
5276,Joshua,Edwards,18
6752,Kaitlin,Reid,14
8629,Natasha,Walsh,28
6002,Dana,Martin,18
1246,Brian,White,8
8423,Andrew,Lee,10
7881,April,Cooper,10
8984,Joseph,Nicholson,8
1093,Kelsey,Flores,27
9013,Dawn,Rodriguez,12
2221,Bradley,Rice,24
5431,Kevin,Vincent,10
8580,Barbara,Gonzales,12
2757,Christina,Moran,6
3705,Robert,Gonzales,28
4271,Thomas,Jackson,16
6700,Rachel,Gillespie,8
3602,Tiffany,Merritt,27
6284,Brandon,Davis,4
6813,Miguel,Tran,22
1358,Kevin,Smith,2
3158,Heather,Malone,20
2424,Kenneth,Miller,1
8048,Vanessa,Anthony,6
6548,Ronald,Hunter,27
9453,Jacob,Durham,3
4462,Christopher,Perez,17
2439,Anna,Ortiz,8
6787,Elizabeth,Calhoun,21
1937,Matthew,Woods,2
4882,Tammy,Dunn,16
7635,Julie,Harris,2
9093,John,Walker,28
9352,Kelly,Romero,7
1152,Thomas,Benton,8
5106,Brenda,Galloway,13
4536,Joyce,Shaw,20
7800,Robert,Green,10
4633,Brian,Mendoza,7
5730,Kristen,Smith,7
9105,Travis,Stephens,6
9599,Michael,Hicks,8
1136,Brandon,Webster,12
9515,Mark,Shah,19
4038,Patricia,Smith,27
1429,Sarah,Moore,3
9896,Charles,Guerrero,13
1427,David,Brooks,11
6463,Laura,Hall,8
5569,Jeffrey,Powell,17
1920,Brenda,Klein,20
6547,Stephanie,Haynes,27
7291,Morgan,Fowler,24
4083,Mathew,Fisher,1
4895,Joshua,Shannon,10
1222,Greg,Garcia,4
8513,Melanie,Prince,15
6692,Beth,Gordon,12
3823,Katherine,Brown,6
9751,Katelyn,Miller,15
2741,Sarah,Abbott,22
5160,Annette,Alexander,2
4949,Linda,Cole,15
5127,Michael,Reyes,14
3978,Nancy,Smith,17
2708,Michael,Arnold,23
5256,William,Lyons,28
4553,Jessica,Brown,17
8961,Elizabeth,Mcpherson,29
3646,Kayla,Mendoza,7
2900,John,Cannon,2
8580,Dustin,Simon,16
4163,Christine,Williams,16
2284,Carl,Garner,24
1788,Brianna,Sexton,24
8940,Michael,Everett,27
8496,Kimberly,Lee,15
6919,Elizabeth,Baker,7
3471,Betty,Turner,18
9391,Robert,Chang,6
4777,David,Jennings,21
4330,Christopher,Aguilar,26
5706,Nicole,King,3
6341,Donald,Torres,12
3402,Mary,Mitchell,9
2960,Maria,Martin,20
9895,Craig,Jimenez,9
9060,Christopher,Garcia,24
7211,Luis,Wu,29
8877,Adam,Simmons,20
6007,Maria,Parsons,16
3024,Daniel,Taylor,1
6942,Cathy,Moses,16
4953,Michael,Sampson,28
8494,Kevin,Griffin,28
7192,Madison,Roberts,28
1030,Kristin,Thomas,9
8765,Hannah,Rodriguez,2
9829,Lori,Oneill,15
8431,Kevin,Weaver,17
3951,Ryan,Gibson,23
1018,Tanner,Austin,8
2813,Mariah,Phillips,30
5467,Stephanie,Snow,24
6865,Jessica,Walton,15
2512,Nathan,Johnson,27
7816,Mitchell,Williams,10
4587,Chris,Garcia,8
8338,Teresa,Franklin,7
3693,Duane,Dixon,21
2730,Mary,Rivera,14
1864,Cathy,Anderson,8
2353,Mario,Rollins,17
6065,Dana,Scott,7
2585,James,Hernandez,19
2717,Cheryl,Blanchard,12
5879,Nicholas,Miller,24
7891,Noah,Randolph,2
9176,Jennifer,Smith,28
7301,James,Baker,15
2874,Michael,Casey,15
9650,Brandon,Jensen,5
1791,Scott,Bishop,15
7893,Julie,Jones,22
5302,Michael,Jones,10
5421,Kimberly,Brown,30
6180,Rhonda,Jones,5
4915,Cindy,Andrews,7
3258,David,Bailey,20
1889,Joshua,Williams,5
8124,Alicia,Wang,6
5373,David,Carter,30
4703,Jennifer,Wiggins,4
2664,Pamela,Chang,9
4570,Jon,Williams,29
4565,Julie,Johnston,23
5817,Timothy,Coleman,5
2196,Gabrielle,Wheeler,20
6565,Craig,Lee,11
2911,Robert,Bryant,21
7049,Jennifer,Cook,22
9630,Rachel,Banks,21
9855,Stephanie,Calhoun,7
1668,Joshua,Sutton,4
2305,Andrea,Rodriguez,14
2647,Thomas,Smith,17
8738,Zachary,Miller,17
9061,Cory,Blankenship,9
8449,Michael,Shepard,7
8314,Denise,Hines,11
6647,Jacqueline,Bush,28
1344,Eileen,Jones,13
5868,Joshua,Smith,17
1640,Jessica,Smith,17
1817,Dana,Williams,22
4922,Jessica,Stone,24
1645,Robert,Erickson,19
1155,Nicholas,Smith,25
9776,Connie,Parsons,8
1221,Daniel,Farrell,1
8074,Shannon,Hill,26
9057,Abigail,Perkins,2
2584,Benjamin,Thomas,23
8751,Michael,Marshall,17
6588,Deborah,Johnson,1
3105,Denise,Murray,22
3586,James,Robbins,28
2914,Jorge,Mullen,17
2614,Lori,Hudson,18
7145,Eric,Henry,7
7280,Luke,Ward,21
6913,William,Patterson,27
8572,Clinton,Ballard,18
6976,Jeffrey,Delgado,18
2165,Antonio,Williams,16
8595,Megan,Everett,3
9269,Brianna,Gregory,6
1429,Meredith,Huff,24
1141,Tracie,Dunn,26
9226,Joshua,Delacruz,15
9964,James,Roy,27
5372,Shelley,Castaneda,6
8522,Henry,Holloway,4
7241,Kenneth,Roach,12
1247,Marvin,Atkins,18
7846,David,Walker,30
2129,Bobby,Salazar,4
5218,Jennifer,Berg,22
5248,Anthony,Frederick,21
3308,April,Hall,19
8643,David,Hudson,6
4314,Richard,Richardson,4
6828,Andrew,Brown,21
7830,Amy,Johnson,25
3233,Tami,Irwin,8
8201,Kevin,Gentry,3
4830,Susan,Sharp,3
2332,Julia,Avila,29
1104,Carmen,Miranda,17
8700,Elizabeth,Jordan,29
6718,Monique,Lopez,2
5494,Alexander,Walton,10
9700,Andrew,Vega,22
7289,Jennifer,Flynn,23
8150,Ashley,Little,28
1413,Lori,Scott,16
7979,Joseph,Ross,12
7934,William,Scott,20
3093,Lonnie,Becker,20
2842,Chase,Rodriguez,12
3482,Kelly,Becker,30
5851,Anita,Martin,22
7251,Katherine,Williams,4
4107,David,Stewart,9
1437,Robert,Soto,29
9227,Steven,Lopez,15
1494,Brenda,Williams,23
5706,Samantha,Baldwin,24
5684,Dustin,Morgan,15
7466,Luis,Brown,6
4328,Jacqueline,Hicks,3
3949,Frances,Clark,4
7410,Christine,Barnes,23
9049,Noah,Stone,1
7918,Katelyn,Hodges,14
4603,Cody,Brown,22
6633,Jeremy,Rogers,7
2424,Michael,Wilson,25
4552,Brittany,Maldonado,20
4494,John,Nixon,3
6588,Elizabeth,Norman,19
5494,Donald,Ruiz,3
5116,Alexis,Barajas,4
7271,Heather,Hill,23
4668,Jennifer,Villarreal,12
2962,Michele,Williams,5
2578,Corey,Weeks,13
8330,Katie,Schmitt,12
1086,Pamela,Baker,7
8786,David,Johnston,18
4455,Jason,Black,12
6841,Michael,Ramirez,22
8151,Marie,Mosley,15
3652,Kevin,Davidson,3
3928,Melissa,Smith,24
6576,Meredith,Kim,16
3446,Michele,Kelly,13
7777,Sheryl,Anderson,17
5967,Tracy,Sloan,12
9840,Donald,Wang,26
7750,Paul,Herrera,11
2099,Michelle,Conley,8
1064,Mark,Bell,8
4504,Paul,Coleman,1
6973,Ricardo,Martin,9
1648,Jennifer,Cobb,7
3217,Kyle,Lewis,16
6030,Scott,Murray,8
2673,Rachel,Callahan,1
3937,Brandon,Garcia,21
4018,Shannon,Morris,5
8135,Melissa,Anderson,13
2162,Mark,Ball,14
5756,Max,Montgomery,6
6036,Diane,Benson,14
6143,Lauren,Stuart,21
6045,Luke,Bryant,19
3707,David,Mann,20
5527,Joseph,Jones,7
2540,James,Martin,3
5624,Raymond,Miller,20
4966,Michael,Carpenter,21
8793,Paul,Walker,8
9040,Brianna,Ellis,11
3968,Alexander,Dunn,20
7706,Jessica,Flores,6
7182,Cody,Chavez,1
1942,Laurie,Bernard,16
7069,Shannon,Harris,21
8099,Richard,Walker,21
9090,Shelby,Hines,10
3048,Betty,Chase,12
7724,Jonathon,Parker,29
5423,David,Newton,24
6327,Matthew,Logan,17
9797,Mary,Kent,1
6353,Renee,Moss,7
1117,Joshua,Hill,5
7781,Joshua,Guzman,1
5682,Lisa,Smith,30
4592,Barbara,Day,1
5212,Jared,Rivera,27
4040,Elaine,Perez,18
3674,Christopher,Johnson,2
5834,Ashley,Brown,20
3176,Leonard,Wilson,5
2365,Jacqueline,Brown,9
3685,Nicole,Davis,2
7288,Debra,Shields,26
1817,Sydney,Martinez,12
1399,Sarah,Richard,28
1837,Christina,Watson,11
4899,Cheyenne,Smith,5
7498,Mark,Robbins,13
6368,James,Knight,6
6374,Lori,Moore,1
8276,Leslie,Morris,25
7129,Sara,Hunter,12
4498,Sarah,Villanueva,10
3007,Bruce,Villegas,2
9175,Danny,Wilson,5
5204,Diane,Hudson,10
3131,Angela,Foley,9
7570,Jason,Walsh,12
7649,Taylor,Williamson,17
2753,Stephanie,Luna,20
7742,Robert,Meyer,29
8315,Michael,Nelson,8
5373,Patrick,Mooney,1
6209,Brad,Armstrong,30
6872,Gilbert,Soto,6
2841,Brooke,White,19
8444,Nicole,Cole,6
3223,Amber,Stevens,17
2832,Victoria,Smith,7
2291,Rhonda,Day,10
6578,Marco,Stevens,2
9928,Jill,Pratt,1
8684,Amanda,Livingston,19
9061,Brandi,Martin,3
2990,Jasmine,Barnett,1
8666,Amber,Elliott,6
3254,Sandra,Richardson,5
5970,Scott,Silva,2
8915,Claudia,Harrison,18
2873,Richard,Reynolds,12
5027,Andrew,Ward,1
1672,Deborah,Francis,1
4012,Andrew,Taylor,30
8348,Sue,Barr,2
4384,Ronnie,Lopez,18
2969,Jason,Chavez,8
5421,Jonathan,Taylor,23
5463,Tyler,Lang,4
9443,Sheri,Brown,24
6108,Amy,Cruz,1
8289,Carol,Ferguson,11
1046,Rachel,Ramos,30
9028,Robert,Fox,25
1479,Mark,Marquez,22
3718,Justin,Patton,13
3916,Ashley,Jones,17
4358,Ashley,Smith,3
9387,Destiny,Morales,16
2451,Sandra,Wilson,26
6186,Keith,Mendez,24
9339,Carol,Short,11
6265,Kimberly,Ramsey,29
6054,Alison,Kim,19
7605,Keith,Terry,26
3925,Douglas,Williams,30
2869,David,Walls,14
4351,Jennifer,Hendricks,17
5532,Christopher,Taylor,15
8354,Mary,Schwartz,14
1309,Julia,Bennett,9
6971,Barbara,Mason,4
3287,Natalie,Cohen,6
7210,Tanya,Smith,13
3076,Brenda,Gamble,16
6075,Steven,Gibbs,3
2041,Tracey,Warren,2
6444,Gregory,Jackson,22
3988,Michelle,Mata,26
7222,Richard,Meyers,21
1786,Selena,Hernandez,15
2833,David,Gonzalez,20
5882,Jeffrey,Martinez,8
5630,Rachel,Lee,1
9913,Wendy,Harrington,13
2852,Phillip,Stone,15
9322,Emily,Miller,8
6304,Grant,Harvey,5
8288,Elizabeth,Nguyen,30
6312,Angela,Hayden,8
5547,Casey,James,1
6490,Richard,Brown,8
8738,Maria,Torres,1
7063,Scott,Lane,24
4541,Judith,Miller,19
3850,Victoria,Thomas,14
9098,Rachel,Perez,4
4078,Jeremiah,Blanchard,15
2797,Robert,Grant,1
8292,Jesse,Burke,7
8578,Richard,Bush,16
4557,Alexandra,Martinez,12
9203,Carolyn,Lamb,9
5563,Sheila,Hurst,16
5985,Timothy,Thompson,2
7918,Kevin,Smith,23
5645,Jennifer,Martin,5
2977,Brian,Pearson,12
2777,Jonathan,Ashley,16
6878,Steven,Nguyen,14
5110,Jo,Haynes,5
3257,Pamela,Sutton,10
3179,Laura,Griffin,15
3216,Christopher,Short,5
6869,Erik,Walker,9
4076,Rodney,Li,26
5525,Jeffrey,Baker,5
3046,Brandy,Rose,5
3674,Jody,Mooney,12
7211,Andrea,Davies,12
8305,Emily,Mcmahon,4
1670,Dustin,Christensen,18
5537,Tracy,Hood,18
1508,Brittney,Black,14
1582,David,Ramirez,3
8152,Ronald,Clark,24
4963,Teresa,Wright,7
4992,Clifford,Simpson,5
5413,Rodney,Boyd,13
9772,Donna,King,6
9350,Toni,Davenport,23
4688,Bernard,Everett,23
5203,Darren,Brock,10
3129,Tammy,Washington,24
1785,Ann,Solis,1
5541,Michael,Aguilar,12
1975,Julie,Smith,15
1919,Lauren,Cabrera,24
3838,Kathleen,Hinton,27
3234,Edgar,Middleton,26
4208,Denise,Nguyen,27
2358,Tammy,Powers,29
6124,Richard,Patel,30
5990,Jesus,Martinez,11
7419,Joe,Scott,28
9319,Tyler,Reed,2
6321,Gregory,Hancock,6
5685,Christopher,Bennett,24
5520,Tina,Larson,11
8950,Joshua,Martinez,29
2459,Becky,Smith,13
1556,Maria,Chandler,9
8064,Jeffrey,Hardy,20
7891,Grant,Dixon,25
3803,Thomas,Wells,5
9600,Kathryn,Bray,2
6352,Jessica,Hayes,10
2047,Anna,Schwartz,9
6172,Colleen,English,30
2780,John,Edwards,9
5589,Henry,Maldonado,18
9463,Darren,Schaefer,20
3848,Andrew,Clark,3
1081,Courtney,Martin,26
5946,Michael,Cannon,9
6809,Jacqueline,King,7
1894,Stephanie,Wallace,29
8594,Eric,Wolf,29
5653,Kenneth,Carter,20
3648,Jeffrey,Valenzuela,22
4755,Mackenzie,Ballard,23
8892,Michelle,Wilcox,11
4846,Anthony,Greene,13
9810,Julia,Jensen,7
7351,Phillip,Brown,24
4802,Jeremy,Bailey,9
6356,James,Zimmerman,1
6467,Amy,Lopez,24
8452,Melissa,Flores,26
5380,Ray,Nelson,12
3077,Hannah,White,21
6765,Angelica,Henderson,29
4714,Daniel,Clark,2
4627,Jennifer,Williamson,19
4164,Robert,Williams,22
9004,Cory,Brown,4
2008,Jennifer,Patterson,28
6482,Makayla,Pierce,26
1879,Lauren,Ho,27
4912,Joshua,Price,29
3314,Crystal,Burke,3
6345,Jacqueline,Bird,18
1409,Caitlin,Berger,27
1667,Jeffrey,Castro,13
9830,Nicholas,Stevens,15
8972,Nancy,White,11
4798,Adam,Smith,30
9216,Robert,Newton,29
5787,Andre,Rodgers,13
3611,Danielle,Hawkins,10
4003,Thomas,Watkins,27
9214,Lisa,Hall,17
5144,Larry,Anderson,23
1667,Joshua,Horton,10
7553,Charlotte,Ramirez,21
1746,Barbara,Barker,1
8809,Michelle,Richardson,9
6587,Chris,Rodriguez,27
7194,Jessica,Hoffman,17
8162,Julie,Murphy,13
8412,Shannon,Melton,5
4418,Tammy,Rodriguez,30
1102,Jessica,Martinez,8
1770,Travis,Rogers,10
9850,William,Kent,29
9007,Susan,Riggs,25
7726,Lynn,Harris,9
1329,Bradley,Ray,25
4251,Christopher,Hubbard,3
7463,Nicole,Stone,19
7850,Sierra,Cruz,22
8079,Ronald,Brown,7
6215,Tammy,Faulkner,7
7651,Lisa,May,4
9119,James,Owen,29
1030,Eugene,Carr,22
4355,Veronica,Walker,16
7151,Matthew,Casey,12
7713,Garrett,Fowler,30
3602,Jacob,Dunn,23
6692,Charles,Bradley,1
9419,Samantha,Collins,2
5000,Melissa,Ramos,20
4955,Wesley,Davis,5
4582,Christopher,King,9
5698,Pamela,Anderson,13
7086,Christopher,Torres,14
6673,Alan,Lee,18
8655,Audrey,Davis,26
3413,Erika,Franklin,27
9338,Angela,Perez,19
1950,Edward,Schmidt,12
1677,David,Garcia,9
8879,Sean,Anderson,5
3972,Matthew,Simpson,7
5384,Chad,Cortez,19
5722,Meredith,Bentley,24
7266,Carrie,Jenkins,5
6662,Walter,Brown,3
9590,Benjamin,Davis,14
3348,Gordon,Barber,7
7971,Robert,Gonzalez,15
7900,Andres,Baker,17
4528,Alan,Martin,11
6281,Pedro,Bennett,23
4626,Cassandra,Savage,27
1322,Cheryl,Mitchell,24
1260,Todd,Mcintosh,13
4215,Steven,Kerr,7
3902,Deborah,Parker,11
2462,Samantha,Johnson,21
4699,Kirk,Mills,17
6641,Jason,Lewis,29
8480,Brian,Knight,1
3989,Christian,Turner,25
9170,Emily,Nelson,23
3271,Jason,Davis,7
9422,Roberto,Boyd,19
5147,Michelle,Gonzalez,17
4988,Chris,Howell,1
3511,Diane,Knight,19
7690,Kenneth,Coleman,8
7418,Kimberly,Mccormick,3
8461,Amber,Cunningham,29
1699,Raymond,Lewis,7
8018,Daniel,Robles,18
3866,David,Miller,13
2131,Robert,Benitez,6
6158,Edward,Mosley,7
6802,Lisa,Barnes,5
1740,Jessica,Moore,4
3693,Elizabeth,Mccarty,17
8169,Jennifer,Howell,23
1776,Stephen,Warner,8
9188,John,Howard,26
1372,James,Hamilton,5
1398,Linda,King,9
7113,Melinda,Thomas,13
6925,Ian,Jenkins,20
1439,Anthony,Lam,12
9809,Rodney,Greene,25
2409,Miranda,Lawrence,1
5708,Miguel,Gibson,27
3317,Jill,Alvarez,16
3842,Whitney,Evans,15
2187,Timothy,Calhoun,19
7218,Tiffany,Adams,2
9294,Randy,Ryan,2
8450,Harold,Santos,26
3013,Brandy,Anderson,23
1040,Shane,Walker,6
6638,Alice,Smith,4
6223,Russell,Gardner,18
6836,Steve,Bailey,5
5245,Kayla,Garcia,9
4311,Tara,Newton,2
7816,Madison,Duran,22
6673,Justin,Miranda,3
8259,Keith,Myers,7
2555,Travis,Martin,15
6860,Christopher,Norman,4
5962,Dale,Butler,3
2317,Peter,Harper,13
9471,Emily,Moreno,17
8733,Sergio,Price,22
9104,Michael,Butler,13
3351,Aaron,Chung,4
4158,Joshua,Rowland,18
9686,Jesse,Holmes,6
1550,James,Velasquez,11
4873,Matthew,Cox,19
5812,Michael,Lozano,29
2693,Noah,Gilbert,11
7288,Elizabeth,Hughes,29
7135,Jason,Jackson,18
2057,Brooke,Patton,29
3575,Taylor,Marshall,26
9441,Elizabeth,Rowe,12
2015,Brooke,Baker,7
9628,Natalie,Thompson,19
7446,Sharon,Stephens,27
9769,Daniel,Dorsey,23
7101,Regina,Duran,15
6230,David,Ramirez,3
5964,Anita,Phillips,24
5559,Tammy,Frye,11
2136,Latoya,Schmidt,9
3751,Brandi,Davis,25
7775,Jacob,Simpson,14
7034,Thomas,Torres,30
9493,Maria,Watkins,19
1438,Dennis,Ramirez,3
4186,Evan,Kim,26
4048,Mike,Edwards,25
8628,Brenda,Patton,1
4630,David,Vega,28
7719,Brandon,Cohen,15
9614,Corey,Davidson,27
8654,Duane,Young,14
8176,Rebecca,Ortega,21
4003,Michelle,Lopez,17
8716,Kevin,Osborne,25
6756,Stacy,Warner,20
4533,Sharon,Hall,24
2667,Cynthia,Guerrero,11
4772,Kristina,Mitchell,14
6732,Emily,Walls,14
1562,Seth,Brown,23
9793,Raymond,Dodson,6
2668,James,Lee,22
3803,Emily,Hale,7
8140,Michael,Nichols,5
9876,Lori,Humphrey,14
6185,David,Johnson,8
5665,Alexander,Gomez,1
7821,Dominique,Reyes,15
2962,Allison,Price,12
6353,Sara,Flowers,23
6140,James,Wood,15
2077,Amy,Huff,17
5980,Jillian,Shaw,13
3170,Clifford,Webster,13
3670,Jennifer,Thomas,22
8896,Andrew,Graham,8
9827,Emily,Wagner,18
7401,Jessica,Lee,26
9651,Mary,Sutton,20
1614,Mary,Thomas,12
1499,Jennifer,Flores,10
4980,Raymond,Molina,22
3542,Wendy,Myers,6
5558,Amy,Grant,13
1954,Billy,Snyder,23
5248,Corey,Bridges,21
4341,Madeline,Mcfarland,4
7460,Jeffrey,Young,17
4957,Patrick,Garrison,30
7150,Keith,Sharp,15
2357,Gabriela,Montes,28
9293,Alyssa,Harris,17
6778,Benjamin,Green,6
6343,Natalie,Knox,21
4488,Kimberly,Whitney,28
5870,David,Russell,24
7785,Chelsea,Schneider,13
5552,Christopher,Cunningham,15
5058,Cody,Zavala,15
8717,Joan,Arias,29
5402,David,Lee,30
1012,Daniel,Collins,13
9570,Gina,James,17
2548,Amanda,Rivera,26
4125,Melissa,Brooks,5
4223,Larry,Banks,7
7920,Rebecca,Adams,6
5163,April,Miller,12
8225,Dylan,Schmidt,22
1107,Jessica,Wagner,1
2443,Natalie,Bell,6
3218,Kara,Cantrell,17
9252,Michael,Ross,7
8582,Lori,Jimenez,23
1801,Dennis,Hughes,25
4406,James,Levy,10
4313,Elizabeth,Jones,23
7106,Patricia,Harvey,16
2021,Courtney,Willis,8
5005,Jeremy,Mendez,19
4371,Lisa,Sullivan,18
8544,Elizabeth,Valenzuela,14
6681,Paul,King,28
3927,Janice,Tran,13
4341,Angela,Gregory,25
2374,Angela,Daniels,5
4845,Jose,Griffith,12
7998,Alex,Mccarthy,10
6903,Brandy,Ramos,12
4628,Tara,Richards,3
7915,Erika,Lopez,17
1110,Michael,Ortiz,9
2197,David,Banks,21
9182,Cynthia,Medina,22
9292,Alicia,Kemp,2
6022,Joseph,Roberts,24
7610,Pamela,Martin,5
6231,Alexis,Johnson,28
7324,Monica,Gilbert,5
2586,Kyle,Sellers,4
6852,Jennifer,Parks,17
8002,Karen,Johnson,20
1268,Michael,Boyle,27
6207,Nicholas,Bates,9
6404,Jeremiah,Lopez,30
6103,Kyle,Curtis,1
9365,Marissa,Williams,12
6227,Kevin,Reed,18
7052,Stephanie,King,29
2990,Gregory,Mendoza,16
3161,Sharon,Wallace,3
8108,Pamela,Steele,20
4955,Angie,Pitts,18
2918,Martha,Humphrey,25
3669,Kyle,Solomon,5
6704,David,Walker,1
6647,Nicholas,Gonzalez,18
5805,Brady,Morgan,23
9069,Tina,Wyatt,16
5606,Thomas,Williams,12
4239,Norman,Harding,14
3011,Scott,Soto,13
8482,Laura,Mcgee,3
8575,Keith,Rosales,7
1547,Franklin,Johnson,4
8527,Kelsey,Johnson,22
3600,Terry,Wilson,4
4721,Marie,Cooke,7
8047,Gerald,Wagner,9
2379,Jennifer,Perkins,1
3999,Jason,Olson,6
2526,Angela,Reyes,16
1181,Lee,Barnes,2
7562,Robert,Alvarez,5
2005,Ann,Hatfield,17
8764,Ian,Johnson,1
9007,Kevin,Mckay,30
8471,Pamela,Nelson,8
7334,Linda,Acosta,3
6406,Brian,Parker,30
9638,Susan,Herrera,22
3637,Robert,Bolton,23
7950,Jose,Fowler,3
3603,Joseph,Coleman,26
1649,Jason,Nichols,28
2793,Willie,Hinton,10
7933,Ryan,Hansen,30
9176,Brianna,Johnson,13
5777,Curtis,Dixon,30
6370,Heather,Edwards,7
1312,Michelle,Ramirez,6
3708,Deborah,Lee,23
4336,Kevin,Flores,19
4167,Christopher,Johnson,8
2376,Jerome,Rodriguez,10
9889,Courtney,Smith,11
9226,Mary,Smith,30
2324,Catherine,Alexander,15
4948,Tina,Hall,27
9457,Denise,Phillips,17
6202,James,Bennett,29
3664,Kim,Oneill,24
3058,Rebecca,Burke,23
3400,Allen,Moore,20
6318,Justin,Dixon,10
7054,Matthew,Martinez,23
6246,Andrea,Stuart,14
6552,Michael,Gutierrez,15
3828,Stephen,Vincent,17
3898,Steven,Pena,30
9497,Carrie,Melton,2
4451,Shelley,Nichols,14
7711,Cody,Davis,18
9672,Ricky,Brown,15
6915,Emily,Brown,22
1891,Sherry,Jones,30
7489,Robin,Medina,4
6053,Michelle,Mills,19
4453,Jason,Pena,15
7338,Bobby,Lee,28
6168,Andrew,White,16
6879,Sarah,Perry,5
2188,Richard,Patton,24
3796,Shawn,Bradford,1
1049,Tammy,Silva,29
9222,Lacey,Wright,11
9982,Erik,Johnson,7
6714,Tracy,Smith,14
7369,Erika,Hall,11
8960,Melissa,Morgan,8
2452,Casey,Jimenez,26
8022,Renee,Mcmillan,28
7256,Nathaniel,Baker,7
6979,Christopher,Nguyen,16
9679,Gina,Byrd,10
5195,Shelley,Anderson,3
1673,Jessica,Pittman,26
3390,Susan,Martinez,17
2253,Patricia,Chambers,9
2857,Richard,George,16
1630,Jonathan,Fields,7
7334,Frank,Sanders,6
9143,Donna,Yates,20
1939,Stephen,Garner,15
3122,Jeremy,Serrano,12
9662,Benjamin,Ortega,18
4943,Sandy,Galloway,30
1721,Doris,Lee,9
6886,Jeffrey,Smith,16
9956,Stephen,Diaz,2
3918,Micheal,Miller,26
5009,Amanda,Wright,30
8679,Corey,Singleton,14
2222,Jennifer,Mccormick,17
3345,Latasha,Parsons,7
7339,Roger,Lam,7
8343,Krystal,Freeman,19
4644,Lindsay,Navarro,22
8316,Kathleen,Vargas,10
6929,Monique,Mann,29
8132,Jennifer,Meadows,5
2989,Pamela,Coleman,2
3376,Roger,Peterson,6
9779,Thomas,Rodriguez,2
4085,Jonathan,Lopez,9
1142,Jessica,Thomas,16
7369,Tabitha,Roberson,24
1941,Michael,Baker,10
7285,Clayton,Peterson,27
1303,Michelle,Vaughan,2
1185,Ricky,Martinez,22
9350,Sandra,Brown,9
4031,Jeffrey,Scott,21
2586,Julie,Marquez,14
4713,Taylor,Miller,22
2809,Robert,Krause,13
9160,Dylan,Page,13
5502,Joy,Alvarado,12
4471,James,Young,5
9687,Lisa,Warner,9
4051,David,Gonzales,17
1711,Teresa,Newton,15
2273,Ronald,Smith,30
8373,Sean,Hart,29
1114,Vanessa,Beck,17
2366,Monica,Wu,16
3082,Pamela,Avery,1
1686,Robert,Lozano,2
2201,Megan,Armstrong,6
9677,Nicole,Peck,11
1779,Brian,White,15
6258,Shirley,Robinson,12
7284,Lynn,Odonnell,12
1191,Christopher,Green,8
8038,Jacob,Matthews,27
5165,Darrell,Morales,18
6882,Javier,Castaneda,13
3010,Daniel,Wilkinson,30
9621,William,Mccullough,13
8903,John,West,19
3900,Monica,Herrera,14
4434,Jill,Williams,19
4577,Samantha,Davis,25
6567,Brandon,Fuller,3
5461,Jennifer,Moore,24
2658,Christopher,Mccann,19
7250,Melissa,Alvarado,15
2213,Andrew,Barton,19
4621,Charlotte,Moore,24
6484,Karen,Johnson,16
4389,Alyssa,Adkins,6
2167,Donald,George,6
1039,David,Wilson,26
6441,Natasha,Brady,4
4757,Angela,Montoya,20
8526,Andrew,Perez,23
2348,Randall,Gibson,19
6473,Keith,Walls,10
6783,Anita,Griffin,3
4230,Christopher,Wall,11
5314,Angela,Young,29
2396,Grant,Ross,21
2525,Michelle,King,22
8681,Gregory,Ayala,27
2125,Thomas,Martinez,30
7630,Jacob,Contreras,4
1647,Joseph,Beck,2
8522,Kathryn,Esparza,3
1065,Peter,Flores,6
3155,Andrea,Castaneda,12
8297,William,Morales,20
7974,Bryce,Ford,18
6497,Nicole,Martin,13
5932,Andre,Smith,6
9411,Maria,Reese,15
4027,Aaron,Rojas,24
5984,Eric,Jennings,16
3413,Ricky,Dominguez,23
6106,Max,Mckinney,7
7985,Courtney,Smith,17
7994,Allen,Herman,10
9291,Emily,Phillips,14
2776,Karen,Newman,12
4285,Daniel,Mason,12
5606,Elizabeth,Cohen,22
5932,Lisa,Mills,7
1608,Mark,Simmons,12
8502,Robert,Kennedy,26
9692,Timothy,Griffin,12
2162,Richard,Brown,4
6397,Norma,Davidson,16
1134,Nicole,Jacobs,8
1291,Caroline,Wilson,25
6584,Mark,Davis,6
9009,Kelly,Ramirez,5
1923,Emily,Spears,27
7306,Alicia,Ware,16
1513,Eric,Palmer,3
9985,Barbara,Garcia,28
3732,Lauren,Pierce,3
8397,Andrea,Griffin,29
8716,Richard,Lee,24
1774,Christina,Fry,22
6786,Veronica,Finley,22
9037,Geoffrey,Mathews,3
6655,Dustin,Moon,3
7732,Patricia,Schaefer,11
3343,Nichole,Perez,16
8578,Michael,Thompson,18
8963,Sabrina,Gray,19
7794,Toni,Lewis,24
9622,Diana,Tanner,6
4287,Melissa,Ortiz,12
1357,Brent,Kelly,9
1261,Heather,Rogers,25
2865,Brandy,Oconnor,8
2156,Jimmy,Aguirre,1
9327,Daniel,Hernandez,17
6574,Emily,Green,8
9991,Christina,Campos,23
5325,Anthony,Burns,7
6988,Jerry,Rodriguez,26
2920,Angela,Holmes,2
4646,Nathan,Alexander,14
7823,Patricia,Castro,9
9067,George,Miller,12
4654,Walter,Lucas,7
2077,Matthew,Richardson,1
3116,Catherine,Durham,1
2632,Richard,Hayes,12
3350,Jimmy,Barnes,17
3803,Michael,Maddox,5
6137,Mark,Liu,24
1264,John,Morris,27
8926,Dana,Robinson,18
3825,Sean,Green,5
2922,Jason,Stuart,3
7622,Alfred,Bennett,11
5876,Susan,Rubio,17
3639,Amanda,Harvey,2
3264,Jasmine,Meza,28
9553,Daniel,Garcia,8
3819,Felicia,Jenkins,5
6570,Pam,Aguirre,17
6853,Louis,Dennis,24
7553,Samuel,Mcfarland,20
2388,Nancy,Houston,10
2742,Dorothy,Short,6
7906,Daniel,Thomas,8
8508,Julie,Stokes,1
2801,David,Bailey,25
1516,Holly,Perkins,12
2104,Dustin,Dyer,21
7321,William,Beck,2
7066,Joseph,Cardenas,10
5735,Margaret,Murphy,5
1523,Ashley,Smith,21
6839,Caleb,House,6
2953,Michael,Orr,14
2031,Marcus,Dunlap,30
7564,Hannah,Butler,5
2018,Lance,Dyer,18
7227,Michelle,Pollard,10
4244,Sheila,Lozano,24
8038,Nicole,Vasquez,7
3324,Michael,Cortez,1
7932,Kenneth,Wilson,13
8591,Patrick,Haynes,20
4757,Marco,Singh,13
4851,Natalie,Jacobs,29
6163,Brittany,Miller,26
5318,Crystal,Webster,29
3405,David,Wilson,22
4549,Katelyn,Gordon,26
3838,Austin,Ayala,3
6289,Christina,Nelson,23
6387,Courtney,Ryan,9
5931,George,Sullivan,25
1978,Kelly,Trujillo,8
9360,Jessica,Jones,12
1340,Kim,Santos,21
4854,Carla,Garcia,26
3377,Michael,Barnes,13
8590,Kyle,Walter,4
8939,Jeffery,Jones,13
2800,Melanie,Conley,13
8353,Robert,Clarke,17
7207,Joanna,Roberts,24
5696,Mary,Phelps,12
4900,Christina,Byrd,15
6461,Ann,Hull,15
2360,Kenneth,Chan,18
3635,Emily,Krueger,8
6134,John,Merritt,22
3622,Joseph,Johnson,1
3380,David,Montgomery,4
6952,Angela,Thomas,28
5113,Dana,Sanchez,18
2515,Amy,Thompson,20
1527,Michael,Benson,12
7247,Frank,Davies,10
9099,Richard,Lopez,4
7444,Heather,Bass,28
6480,Jill,Clark,27
7000,Robin,Barrera,18
1358,Benjamin,Lee,1
1967,Sara,Hutchinson,8
9987,William,Kennedy,23
9877,Donna,Barker,12
8856,Michelle,Steele,3
3860,Shaun,Frye,1
4296,James,Walters,19
8184,Teresa,Diaz,8
3650,Tony,Jenkins,10
8546,Yvette,Davis,20
9735,Jeffrey,Barber,27
3789,Robert,Bell,7
4469,Donald,Klein,11
9563,Andrew,Moore,28
3277,Robert,Rodriguez,6
3539,Morgan,Espinoza,12
2533,Elizabeth,Aguirre,24
1609,Jose,Miller,21
2338,Bruce,Rodriguez,10
8932,Jacob,Medina,6
5607,Michelle,Edwards,22
5106,Brian,Simpson,21
3871,Anthony,Greer,7
9645,George,Hernandez,26
5327,Andrew,Chung,1
8532,Mary,Kerr,1
1802,Timothy,Evans,12
8868,John,Smith,16
6473,James,Poole,23
7077,Holly,Spencer,25
9246,Bonnie,Murphy,6
8513,Kyle,Hart,6
9679,Lindsey,Singh,7
7328,Debra,Vargas,14
6675,Bryan,Johnson,9
3683,Michael,Reeves,4
8444,Ryan,Berry,10
6268,Justin,Smith,2
3216,Timothy,Bryant,10
4442,Jonathan,Nelson,7
8359,Nicholas,Love,10
3670,David,Caldwell,8
6464,Brian,Owens,7
2900,Philip,Cooke,12
4875,Timothy,Contreras,4
2557,Brooke,Solomon,26
9165,Steven,Smith,1
3247,Kathleen,Wagner,13
2014,Sandra,Sims,20
6661,Jose,Hamilton,28
2643,Leah,Williams,15
7043,Caitlin,Newman,16
1835,Wanda,Wright,8
5144,Melissa,Guerra,15
8276,Frank,Rice,30
3446,Eric,Vega,4
3155,Cindy,Tapia,15
7551,Carolyn,Martinez,20
3006,Gavin,Hickman,18
2143,Patricia,Romero,4
6597,Jimmy,Davis,2
8138,Thomas,Anderson,12
2610,Ashley,Reed,25
2164,John,Harper,3
3811,Anthony,Wright,28
9342,Jeremy,Barnett,26
4478,Stacy,Burke,26
3636,Erica,Harris,5
7116,Corey,Kim,30
9013,Elizabeth,Schultz,27
3537,Victoria,Fields,13
6224,Joshua,Morris,10
7473,Diane,Christensen,17
8011,Martin,Ferguson,4
8806,Kimberly,Perez,22
6486,Shawn,Joseph,23
7793,Courtney,Johnson,10
2521,Dawn,Humphrey,23
4066,Rodney,Murphy,16
5897,Christopher,Young,2
3501,Timothy,Hayden,23
3767,Dillon,Weaver,30
1531,Lori,Gray,18
9925,Samuel,Young,16
9210,Lawrence,Baker,7
5492,Matthew,Hansen,30
3178,Lacey,Henry,9
5359,Robert,Terrell,23
5878,Wendy,Dyer,6
2559,Melanie,Morris,14
3204,Steve,Melendez,24
5311,Stephanie,Fuentes,12
1245,Brett,Hernandez,26
7679,Aaron,Wall,28
6977,Ian,French,25
1705,Adam,Brown,24
6447,Ralph,Howe,5
5089,Morgan,Harris,10
2799,Luis,Smith,21
1617,Mark,Sullivan,9
4803,Robert,Williams,1
9569,Robert,Shaw,11
7716,Alexandra,Harrison,12
2285,Mario,Hart,20
6057,Daniel,Petersen,24
7273,Christopher,Cole,5
2574,Randall,Pierce,25
9732,Sharon,Cox,6
6316,Chelsea,Smith,25
4685,Holly,Gordon,5
5875,Michele,Hansen,28
3739,Carmen,Davis,6
6514,Jessica,Hernandez,29
9798,Anne,Wilson,29
4362,Cody,Burke,7
7546,Lisa,Perez,24
1968,Crystal,Phelps,24
5523,Brian,Dean,12
4112,Spencer,Marks,5
3118,Wendy,Wiley,9
1566,Justin,Burton,16
4362,Theresa,Phillips,10
5904,Kristina,Farmer,21
4422,Brittany,Nash,13
1640,Peter,Avery,19
4310,Randall,Reyes,27
3249,Joseph,Daniel,29
2865,Oscar,Ward,24
4102,Kelly,Wagner,3
3407,Charles,Galvan,12
3829,Laura,Harris,16
3504,Angela,Miller,3
9266,Sonya,Nicholson,5
5913,Anthony,Lee,3
4734,Brandon,Myers,5
8616,Daniel,Horton,26
7867,Jennifer,Turner,21
3273,Allison,Nelson,10
2502,Gabrielle,Ramirez,6
3928,Jennifer,Fox,6
5097,Jose,Velez,23
8194,Cody,Monroe,20
8513,Bridget,Rivas,28
7632,Patricia,Martin,13
1442,Willie,Day,9
2881,Julia,Perez,23
1675,Mary,Payne,29
2249,Cassidy,Lewis,18
3167,Michelle,Fernandez,5
1167,Maria,Jones,14
6102,Mark,Lee,20
1954,Miguel,Scott,30
4956,Crystal,Knight,22
8268,Sandra,Williamson,8
7690,Alisha,Howell,15
1142,Andrea,Friedman,3
9797,Tara,Hoffman,1
3377,Michael,Luna,21
5376,Brandon,Scott,23
1383,Bradley,Cole,1
1865,Kathleen,Garza,2
8985,Richard,Quinn,16
2635,Paul,Cruz,25
1058,April,Yang,26
6418,Anna,Hendrix,21
6976,Jason,Burgess,8
1293,Ricardo,Smith,29
8747,Brittney,Russell,22
3711,Amanda,Cummings,23
2879,Beth,Nguyen,26
3802,Patrick,Stevenson,10
2187,Brian,Olson,6
6029,Jerry,Rodriguez,20
2071,Alexander,Foster,2
3780,Virginia,Thompson,21
9064,Philip,Perry,4
7051,David,Carlson,12
4972,Vernon,Ray,18
4303,Madeline,Huber,7
4560,Katelyn,Knight,29
6874,Matthew,Ross,27
9755,Tara,Henderson,3
1369,Scott,Oneill,7
7139,John,Collins,19
2750,Robert,Rocha,3
2449,Felicia,Grant,21
7027,Ashley,Williams,24
1706,Katherine,Gilbert,5
5052,Bryan,Blackwell,10
2622,David,Lamb,28
4562,Ashley,Woods,2
3272,Stephanie,Charles,22
2602,Adam,Osborne,23
7247,Amy,Pierce,12
4594,Brian,Miller,30
8504,Charles,Bright,15
9327,Julie,Lang,6
6519,Taylor,Rivera,9
1236,Katelyn,Mitchell,28
3249,Christina,Melton,30
2316,Adrian,Castillo,25
2618,Mark,Sanchez,25
3228,Shannon,Pierce,17
1172,Michael,Jones,15
1032,Molly,Brown,21
6934,David,Holmes,12
1139,Wendy,Weaver,13
6801,Chelsey,Fuller,19
2189,Michael,Mitchell,8
7016,Sara,Bryant,29
6827,Jessica,Webb,21
1159,Fernando,Figueroa,24
6701,Rhonda,Hawkins,26
6956,Brian,Sloan,17
5810,Nicholas,Miller,27
1772,Darlene,Perry,21
9827,Nicholas,Carter,17
4741,Allen,Andersen,21
5843,Mary,Casey,11
8860,Stanley,Johnson,18
3554,Christopher,Compton,22
7840,Christina,Douglas,30
6610,Alicia,Smith,14
6166,Kenneth,Evans,20
9582,Kenneth,Kelly,21
9550,Fred,Barber,9
9131,Travis,Bradford,21
9791,Glenda,Hall,27
2354,Kimberly,Lester,20
5641,Katherine,Mendoza,24
3359,Valerie,Thomas,13
7592,Kimberly,Webster,6
6351,Daniel,Diaz,18
6101,Matthew,Hernandez,1
5173,Matthew,Jackson,1
3733,Katrina,Harvey,25
2099,Brittney,Ferguson,8
3975,Kevin,Chen,2
9351,Michelle,Peters,21
8308,Robert,Miller,27
1437,Isaac,Turner,28
1279,Richard,Rivas,17
5841,James,Howell,2
7302,Jillian,Alvarez,7
4213,Jacob,Palmer,16
2139,Virginia,Brown,11
9173,Linda,Lucero,12
2321,Richard,Stephens,4
3080,Richard,Williams,23
3435,Michael,Singleton,20
5890,Kevin,Miller,29
7032,Alison,Leon,12
2269,Joseph,Williams,6
3940,Jerome,Ramos,1
2571,Philip,Brown,21
3712,Sean,Conner,13
1947,Stephanie,Bender,7
5234,Richard,Gomez,7
8548,Stacey,Thomas,30
4416,Alyssa,Keller,17
3064,Deborah,Reyes,5
1204,Ann,Watson,15
3224,Edward,Becker,10
3375,Lee,Lopez,18
8235,Caitlin,Wright,11
2585,Monica,Garcia,25
7226,Ruben,Campbell,7
9738,Carol,Thompson,6
3037,Jon,Sanchez,12
2235,Scott,Sutton,12
6933,Carrie,Hernandez,5
2578,Lisa,Brown,20
2018,Patrick,Bradford,29
6046,Ricardo,Anderson,26
7823,Patrick,Cook,30
8457,William,Erickson,1
3330,Valerie,Ryan,4
8503,Patricia,Cabrera,24
9997,Kimberly,Johnson,12
1858,William,Lewis,21
8703,Jacob,Wilson,18
6937,Evan,Richardson,10
7071,Laura,Reed,18
4041,Roger,Conner,10
1338,Jennifer,Wilson,29
5253,Dwayne,Morrison,18
9223,Alyssa,Greene,18
1740,Kyle,Strickland,3
8664,Frank,Dunn,9
7988,Francisco,Gray,1
5808,Katherine,Scott,28
8343,Jennifer,Vaughan,6
7161,Cody,Green,7
9368,Stephanie,Lewis,13
6917,John,Bass,26
2801,Thomas,Henderson,6
9681,Marissa,King,6
8535,Nicole,Lee,16
5634,Cynthia,Warren,1
9607,Bernard,Smith,18
6655,Cassandra,Santos,25
2393,Frederick,Clay,18
8149,Cynthia,Paul,4
6346,Richard,Decker,6
8420,Annette,Stevens,17
4490,Douglas,Martinez,26
2093,Wesley,Holland,15
5947,Michael,Evans,29
4011,Jacob,Franklin,6
5496,Angela,Ford,14
3136,Gary,Henry,8
4146,Savannah,Lewis,11
1894,Tyler,Anderson,19
1582,Cassandra,Parks,2
4634,Cheryl,Wilkinson,7
7786,Blake,Castillo,25
4081,Marcus,Edwards,13
9020,Kimberly,Walsh,30
8368,Craig,Perez,9
8166,Teresa,Mcfarland,13
2779,Justin,Harvey,12
7347,Jennifer,Bailey,18
6029,Cassidy,Brooks,11
2218,Ian,Kim,8
8000,Robyn,Logan,21
7397,Amber,Sanchez,22
7748,Edwin,Boyd,15
3092,Scott,Harper,15
8117,Samantha,Buchanan,2
4932,Jeffrey,Anderson,7
1591,John,Holmes,25
5260,Michael,Brown,27
6524,Michael,Weeks,16
9387,James,Smith,29
6269,Rachel,Harrington,29
8940,Kathleen,Hanson,8
5876,David,West,11
9229,Thomas,Pham,21
2739,Raymond,Robbins,16
1926,Christopher,Brock,16
4522,Robert,Garcia,8
3483,Dawn,Nguyen,23
5588,Robin,Smith,12
6270,Brooke,Brown,5
1831,Jennifer,Gibson,13
7582,Riley,Anderson,24
7368,Anita,Pham,30
5156,Jessica,Ruiz,17
8910,Frederick,Holmes,17
4011,Karen,Brooks,28
6232,Jessica,Obrien,8
3111,Don,Gray,27
4519,Dennis,Mays,25
5437,Ralph,Washington,11
1613,Dana,Hensley,28
2613,Kelly,Bryant,9
2308,Jill,Ortiz,18
4664,Sandra,Myers,9
3141,Eric,Reed,1
1551,William,Ellis,4
7632,Christopher,Wolf,1
4286,Donna,Smith,16
1081,Troy,Shepherd,25
5276,Todd,Black,12
9347,Jennifer,Ortega,29
5563,Kevin,Powell,24
6787,Scott,Olson,7
4831,Jon,Arnold,19
3238,Leslie,Jackson,29
7716,Brett,Snyder,5
8940,Traci,Obrien,4
5202,Cheryl,Reed,14
6716,Caitlin,Chapman,25
2268,Jodi,Ross,24
4055,Megan,Marshall,28
9503,Connie,Tucker,3
4410,Kyle,Hoffman,28
1613,Ricky,Montes,26
6567,Brian,Davis,5
5608,Charlene,Mendez,25
9814,Marcus,Heath,29
3921,Patricia,Baldwin,20
1395,Susan,Lewis,16
3172,Douglas,Martinez,26
4675,Luis,Shannon,11
7161,Nicholas,Roberts,1
7625,Jacqueline,Reese,14
2366,Helen,Macias,5
3580,Sandra,Dean,10
3731,Theresa,Gordon,30
3230,Todd,Guerrero,28
5771,David,Webster,10
6623,Christina,Carrillo,17
9161,Chad,Norris,2
7960,Patricia,Terry,13
6156,Brandon,Miller,6
4959,Johnathan,Le,30
2160,Colleen,Hall,11
1420,Lawrence,Harris,10
9538,Tammy,Hebert,9
2981,Valerie,Hudson,14
9113,Miranda,Ford,15
3573,Sue,Nelson,21
5553,Brian,Rodriguez,4
6967,Tara,Bailey,6
6757,Ashlee,Flynn,3
5089,Kimberly,White,29
8275,April,Peterson,26
8725,Kelli,Miller,14
3674,Matthew,Barrett,25
4113,Bryce,Evans,15
2342,Sarah,Fisher,2
3993,Jeffrey,Neal,29
2633,Adam,Mack,2
6891,Nichole,Reynolds,4
6790,Mariah,Morgan,9
2792,James,Love,19
1330,Brian,Mitchell,26
8029,Matthew,Brooks,3
7313,Amy,Ford,29
9994,Johnathan,Hill,11
9130,Mitchell,Hernandez,26
2426,Scott,Salazar,22
3641,Andrew,Snyder,18
4604,John,Chang,13
6272,Dennis,Chase,1
7685,Antonio,Stevenson,7
3002,Isaiah,Wolfe,26
4638,Alicia,Johnston,17
2181,Jessica,Wallace,21
3968,Leah,Weber,9
9632,Gregory,Middleton,23
7391,Ruben,Glover,17
7621,Eric,Wu,16
1572,Thomas,Anderson,3
1570,Nicole,Atkinson,18
5414,Stephanie,Brown,30
4738,Christopher,Ramos,28
4606,David,Bryant,4
6636,Kevin,Noble,30
6802,Tom,Lee,11
7165,Sandra,Rodriguez,22
3868,Ashley,Hebert,21
8418,Kimberly,Wells,29
6560,Lauren,Velazquez,6
2665,Mary,Richards,6
6354,Wendy,Byrd,1
9763,Kristin,Castillo,25
2492,Stephen,Mitchell,9
3632,Brent,Brown,1
7647,Tracy,Coleman,26
6251,Justin,Davis,4
3173,Jessica,Lambert,10
1922,Sheena,Morales,21
9871,Denise,Munoz,2
6833,Wendy,Taylor,6
2334,Samantha,Dominguez,28
4717,Shannon,Sanchez,14
3818,Mark,Clements,16
1920,Benjamin,Caldwell,12
3591,Wesley,Miller,27
7793,April,Hardy,19
7354,Christopher,Vazquez,21
3163,Tiffany,Robinson,7
3557,James,Henry,29
6461,Jennifer,Morris,2
6727,Shannon,Parker,6
9775,Crystal,Nguyen,23
3946,Leah,Green,12
3246,Abigail,Alexander,10
4298,Jason,Thompson,5
5738,Glenn,Hunt,4
1521,Tracy,Stewart,30
8563,Sara,Jacobs,16
3785,Christopher,Rios,29
9013,David,Todd,9
4726,Johnny,Myers,11
9343,Thomas,Wright,1
4420,Brandon,Hensley,11
4054,Danielle,Hayes,28
5940,Colleen,Rodriguez,8
7786,Natasha,Adams,5
4867,Jacob,Mclaughlin,4
9039,Kenneth,Summers,1
5613,Benjamin,Willis,16
2394,Lisa,Ballard,27
3270,Kelly,Jones,17
2599,Cody,Harrison,21
9739,Sergio,Robbins,3
1883,Meredith,Costa,8
9080,Monica,Ramsey,14
7317,Patricia,Collins,11
6901,Whitney,James,5
2204,Alicia,Aguilar,11
1599,Donna,Baker,3
5474,Allison,Walker,30
3365,Kathleen,Ramirez,16
9568,Amanda,Mccormick,19
3945,Amy,Burns,10
7815,Kurt,Lin,25
3623,Heather,Swanson,8
7979,Breanna,Rodriguez,27
5604,Shawn,Newman,30
8707,Jamie,Williams,11
5388,Martin,Kirk,5
7211,Fernando,Woods,5
8640,Robert,Fox,8
4269,Steven,Silva,25
9869,Michael,Hall,26
4133,Tony,Vaughan,8
8519,Robert,Wade,9
9126,Kevin,Rose,30
6569,Vernon,Sanchez,13
5770,Nicholas,Gonzales,25
9475,Pamela,Holt,10
8417,Michael,Barnett,7
6471,Jennifer,Allen,12
2479,Sharon,Williams,7
6455,Michelle,Cunningham,6
8650,Jonathan,Miller,4
3131,Danny,Walker,17
3717,Nicole,Long,27
6574,April,Cain,28
6412,Cathy,Hill,2
9105,Elizabeth,Garza,22
9561,Rebecca,Steele,23
9199,John,Reese,15
8090,Vincent,Jordan,6
2919,Charles,Jones,25
5369,Andrew,Graham,21
3751,James,Stanton,18
3997,Gary,Miller,17
8679,Melanie,Johnson,29
5595,Ana,Romero,9
3100,Mandy,Barrett,10
3622,Guy,Castro,7
8676,Donald,Smith,28
1791,Stephen,Sutton,5
3844,William,Moore,20
9262,Sarah,Williams,23
5356,Kathy,Thomas,27
7265,Elizabeth,Martinez,29
9237,Patricia,Hickman,6
2977,Terry,Osborne,13
3425,Norman,Sellers,16
5857,Holly,Phelps,10
5008,Kenneth,Aguilar,10
4414,Susan,Moore,9
7022,Samantha,Rios,21
1103,Jerry,Rodriguez,3
4143,Brandi,White,26
9560,Nancy,Mann,28
1929,Thomas,Campbell,18
6511,Kimberly,Paul,21
1431,Cody,Jackson,6
5592,Anita,Price,2
9129,Jessica,Murphy,7
4674,Fernando,Martinez,7
2700,Lauren,Stanton,27
1473,Kelli,Lopez,3
6754,Joseph,Trujillo,9
8549,Kelly,Ramirez,11
2973,Christopher,Beltran,29
1500,Luis,Robertson,6
4321,Patricia,Montoya,3
1707,Amanda,Bush,5
4867,Andrew,King,15
5970,Allison,Griffin,3
6582,Lee,Evans,19
6249,Nicole,Wilson,15
9613,Lauren,Weaver,13
3638,Amber,Robinson,24
6061,Adrienne,Newton,6
6559,Steven,Perry,5
6058,Jennifer,Ramirez,11
1217,Timothy,Beltran,26
4314,Kathryn,Morrow,19
9703,Jessica,Rodriguez,25
3691,David,Carlson,4
5884,Danielle,Anderson,19
6224,Stephanie,Mueller,2
1667,Sandy,Rodriguez,15
1446,Jennifer,Ellis,22
8315,Joanne,Richmond,21
6819,Joshua,Silva,30
7031,Sherri,Miller,27
1423,Anthony,Robertson,28
4730,Adam,Reid,8
1711,Patrick,Torres,11
4380,Cody,Thompson,12
9311,Kathryn,Pennington,3
3980,Dylan,Gomez,26
9711,Kristin,Brown,2
9177,Jacqueline,Cox,28
2504,Ellen,Taylor,16
2014,Carla,Walker,23
7639,Jody,Dorsey,30
2489,Jeffrey,Noble,23
8361,Laura,Lewis,30
3634,Breanna,Merritt,10
5394,Walter,Mcclure,3
7079,Ronald,Robinson,12
9339,Jacqueline,Moore,11
1758,Beth,Tate,18
7339,Cory,Roberson,18
3480,Luis,Gutierrez,26
8880,Peter,Lee,7
4128,Lisa,Burns,19
7793,Laura,Carroll,24
7028,Justin,Dawson,6
2654,Daniel,Dalton,22
8155,Kristin,Wilson,28
9520,Barbara,Martin,11
5093,Paul,Johnston,28
4022,Andrew,Romero,5
1696,Theresa,Mack,3
7225,Todd,Randall,23
1374,Kyle,Morris,26
2898,Jennifer,Jackson,9
8721,Justin,Lewis,20
3250,Michael,Vargas,12
7977,Corey,Acosta,2
4019,Phillip,Jones,6
2737,Melissa,Brown,8
5660,Steven,Hill,21
8904,Monica,Myers,13
8848,Kevin,Gill,17
6328,John,Walker,16
3087,Teresa,Griffith,4
8193,Christine,Norman,25
6187,Scott,Lucas,16
9887,Kenneth,Clark,9
3795,Stephen,Underwood,29
5161,Joseph,Rios,26
1449,Jesse,Estrada,28
4331,Heather,Young,14
5159,Nathan,Lawrence,17
9108,Nancy,Hardy,20
6573,Brandon,Bruce,14
7225,George,Smith,6
2654,Jenny,Martin,8
2081,Jose,Martinez,9
5501,Andrea,Stephens,22
9797,Crystal,Clark,1
7719,Deborah,Stewart,27
6124,Sherry,Carter,22
8254,Amy,Clayton,4
8370,Angela,Terry,22
4811,Amanda,Small,16
1401,Diana,Howard,30
3762,Bradley,Schmidt,10
2472,Brandon,Cole,5
4877,Alexander,Jones,25
2045,Jessica,Turner,24
7571,Patricia,Torres,30
1789,Alvin,Ross,27
7956,Rebecca,Waters,3
2985,Chelsea,Mckee,7
3102,Robin,Burns,26
5195,Brenda,Mcdaniel,16
3629,Alison,Moore,7
6654,Janice,Conrad,8
5731,Amanda,Murphy,9
9204,Danielle,Rosario,3
2886,Amanda,Martin,20
2806,Kim,Torres,22
8818,Briana,Davis,4
2282,Ernest,Bartlett,12
4741,Michelle,Clark,6
3036,Michael,Jackson,7
1988,Christopher,Forbes,27
9362,Mary,Chaney,15
4987,Melanie,Rowe,11
3634,David,Harris,28
2880,Henry,Valentine,6
9041,Katrina,Doyle,12
1411,Ashley,Henson,24
4579,John,Hunt,5
